train_sizes,train_scores_mean,val_scores_mean
863,1.0,0.802464885014816
2806,1.0,0.8177528727515613
4748,1.0,0.8360062689923122
6691,1.0,0.834708857162358
8634,1.0,0.8357263450066343
